编号,零件名称,数量,制造/采购,材料建议,紧固件规格,关联STEP,关联STL,尺寸来源,备注
HA8-A01,HA8舵机接口适配盘,4,3D打印,PETG-CF/PA-CF,M3与官方25T舵盘连接,HA8_舵机接口1~4_v1.step,HA8_舵机接口1~4_v1.stl,官方25T舵盘STEP+原舵机接口STL截面,禁止打印25T花键
HA8-A02,HA8外固定适配件,4,3D打印,PETG-CF/PA-CF,4×HA8安装孔Ø4.3,HA8_外固定1~4_v1.step,HA8_外固定1~4_v1.stl,HA8官方本体STEP+原外固定STL包络,首件核对安装耳厚度
HA8-A03,HA8盖板适配件,4,3D打印,PETG/PA,原固定件规格,HA8_盖板1~4_v1.step,HA8_盖板1~4_v1.stl,HA8本体包络+原盖板STL包络,保留线束出口
HA8-A04,HA8被动支撑,4,3D打印,PA-CF,M3中心轴,HA8_被动支撑1~4_v1.step,HA8_被动支撑1~4_v1.stl,HA8背面M3+参数化待选嵌件腔,嵌件规格首件前选型
HA8-A05,HA8被动侧隔套,4,3D打印/机加工,PA-CF或铝,M3,HA8_隔套1~4_v1.step,HA8_隔套1~4_v1.stl,参数化待选嵌件接口,长度和外径待实测
HA8-P01,FashionStar HA8-U25H-M,4,采购,原厂件,12V UART 25T,-,-,官方数据手册,确定型号
HA8-P02,FashionStar官方金属25T八孔主舵盘,4,采购,原厂金属件,M3周向孔,-,-,main-horn-25T-8holes-3D.STEP,必须使用官方金属舵盘
HA8-P03,被动侧金属隔套/法兰轴承/耐磨衬套,4,采购,金属或工程塑料,M3轴,待选型,待选型,实物空间复测,首件前选型不得伪造料号
HA8-P04,M3螺钉垫片螺母,按装配,采购,不锈钢,M3,-,-,装配需求,长度按实物确认
QD-A01,QD4310定子支架,2,3D打印,PA-CF,4×M2.5 BCD Ø38.5,QD4310_电机固定X1/X2_v1.step,QD4310_电机固定X1/X2_v1.stl,QD4310手册第6页,定子端固定
QD-A02,QD4310直驱轮毂,2,3D打印/后续机加工,PA-CF或铝,8×M3,QD4310_轮毂X1/X2_v1.step,QD4310_轮毂X1/X2_v1.stl,QD4310手册+原轮包络,转子孔BCD未确认不可直接定稿
QD-A03,QD4310轮固定件,2,3D打印,PETG-CF/PA-CF,按轮胎接口,QD4310_轮固定X1/X2_v1.step,QD4310_轮固定X1/X2_v1.stl,原轮固定STL包络,首件核对轮胎卡槽
QD-P01,QD4310外转子无刷电机,2,采购,原厂件,定子4×M2.5/转子8×M3,-,-,QD4310使用手册,转子孔BCD待实测
QD-P02,M2.5定子紧固件,8,采购,不锈钢,M2.5×0.45,-,-,QD4310使用手册,长度按端面深度确认
QD-P03,M3转子紧固件,16,采购,高强度钢,M3×0.5,-,-,QD4310使用手册,孔距和有效深度待实测
