路径	字节	格式	SHA256
01_灯哥小型轮足/01_原版STL.zip	1156474	zip	e9c2cacb6753b0c5b09eb819ac33b1f5ea60f9a8b8c433dabf41fbc57b9116a6
01_灯哥小型轮足/01_原版STL/上盖.stl	221284	stl	dc4b268d814ac0ca192ee382d57dbf332053a19b5f86a04b7419cd8b82fa3e0d
01_灯哥小型轮足/01_原版STL/前小臂X1.stl	153884	stl	ac316ef4982cda2318f68563dbd0e6729ed07cd88332d7e0fe25dc248e0483bc
01_灯哥小型轮足/01_原版STL/前小臂X2.stl	153884	stl	ac316ef4982cda2318f68563dbd0e6729ed07cd88332d7e0fe25dc248e0483bc
01_灯哥小型轮足/01_原版STL/后小臂X1.stl	254584	stl	5c932b5c51587d9f96e9e24c86a98c9da5f20b6436f049a0b69b1afc699d1f03
01_灯哥小型轮足/01_原版STL/后小臂X2.stl	254584	stl	5c932b5c51587d9f96e9e24c86a98c9da5f20b6436f049a0b69b1afc699d1f03
01_灯哥小型轮足/01_原版STL/外固定1.stl	103684	stl	4afb8f9befe2edd8c4272ec815bccad6c2d47e32f313d3e19f841083dc313f81
01_灯哥小型轮足/01_原版STL/外固定2.stl	103684	stl	4afb8f9befe2edd8c4272ec815bccad6c2d47e32f313d3e19f841083dc313f81
01_灯哥小型轮足/01_原版STL/外固定3.stl	103684	stl	4afb8f9befe2edd8c4272ec815bccad6c2d47e32f313d3e19f841083dc313f81
01_灯哥小型轮足/01_原版STL/外固定4.stl	103684	stl	4afb8f9befe2edd8c4272ec815bccad6c2d47e32f313d3e19f841083dc313f81
01_灯哥小型轮足/01_原版STL/大腿1.stl	102684	stl	7dfd287a9caba466212597740b9111191f028b7f10e38b07209c92c7acf97393
01_灯哥小型轮足/01_原版STL/大腿2.stl	102684	stl	7dfd287a9caba466212597740b9111191f028b7f10e38b07209c92c7acf97393
01_灯哥小型轮足/01_原版STL/大腿3.stl	102684	stl	7dfd287a9caba466212597740b9111191f028b7f10e38b07209c92c7acf97393
01_灯哥小型轮足/01_原版STL/大腿4.stl	102684	stl	7dfd287a9caba466212597740b9111191f028b7f10e38b07209c92c7acf97393
01_灯哥小型轮足/01_原版STL/框架.stl	468584	stl	e822741da7b280d79abe48de1eb0b76ed95c96062f79a32fbb980393f8808ada
01_灯哥小型轮足/01_原版STL/电机固定X1.stl	300084	stl	8e98e833263b669c180a636c7bda1f852582ba01d98a65cb5ff0c8c720a024db
01_灯哥小型轮足/01_原版STL/电机固定X2.stl	300084	stl	8e98e833263b669c180a636c7bda1f852582ba01d98a65cb5ff0c8c720a024db
01_灯哥小型轮足/01_原版STL/电池架.stl	135284	stl	a9638cd9ac551b86570010f9087b0e55425fd0171deb4a2cd49ca26d88f35c0c
01_灯哥小型轮足/01_原版STL/盖板1.stl	68684	stl	5fab6e2573142693735ed19ae825278076948508ab80b5777045fe7093093434
01_灯哥小型轮足/01_原版STL/盖板2.stl	68684	stl	5fab6e2573142693735ed19ae825278076948508ab80b5777045fe7093093434
01_灯哥小型轮足/01_原版STL/盖板3.stl	68684	stl	5fab6e2573142693735ed19ae825278076948508ab80b5777045fe7093093434
01_灯哥小型轮足/01_原版STL/盖板4.stl	68684	stl	5fab6e2573142693735ed19ae825278076948508ab80b5777045fe7093093434
01_灯哥小型轮足/01_原版STL/舵机接口1.stl	173884	stl	911ead9c54d17cfb26a68467cb524feaef845eeb7213cea60240d3002c9001f2
01_灯哥小型轮足/01_原版STL/舵机接口2.stl	173884	stl	911ead9c54d17cfb26a68467cb524feaef845eeb7213cea60240d3002c9001f2
01_灯哥小型轮足/01_原版STL/舵机接口3.stl	173884	stl	911ead9c54d17cfb26a68467cb524feaef845eeb7213cea60240d3002c9001f2
01_灯哥小型轮足/01_原版STL/舵机接口4.stl	173884	stl	911ead9c54d17cfb26a68467cb524feaef845eeb7213cea60240d3002c9001f2
01_灯哥小型轮足/01_原版STL/轮固定X1.stl	77684	stl	e5b4a3f4db608ecdbc01278efbf29ed119f38d44ed3e5c8fdcbbc60cd12cdc4b
01_灯哥小型轮足/01_原版STL/轮固定X2.stl	77684	stl	e5b4a3f4db608ecdbc01278efbf29ed119f38d44ed3e5c8fdcbbc60cd12cdc4b
01_灯哥小型轮足/01_原版STL/轮毂X1.stl	231284	stl	4c0ae51207aa1ebba5e6cfb0d6070a73ff3cd1d7997b58c16d7bf28459e89fad
01_灯哥小型轮足/01_原版STL/轮毂X2.stl	231284	stl	4c0ae51207aa1ebba5e6cfb0d6070a73ff3cd1d7997b58c16d7bf28459e89fad
01_灯哥小型轮足/02_Seeed官方URDF_STL/meshes/LC_link.STL	187084	stl	40f23af4fe3c9956e342dab65d46f8c3297ec088b458be90ba9d1e6bafef48e9
01_灯哥小型轮足/02_Seeed官方URDF_STL/meshes/LT_link.STL	68884	stl	83fc8a5d72cce00808298086f9ec597340e8c88533d16c6a25adffbc49ca6b83
01_灯哥小型轮足/02_Seeed官方URDF_STL/meshes/LW_link.STL	372184	stl	dee7217b04653481c52bff6b8c2706b5e740ce21c43cd27e4344d1c18c684edc
01_灯哥小型轮足/02_Seeed官方URDF_STL/meshes/RC_link.STL	187084	stl	0277788cec43d3f3187590c5eb3012fdbbc2e5cb33df7a9219f41e4232b39517
01_灯哥小型轮足/02_Seeed官方URDF_STL/meshes/RT_link.STL	68884	stl	38e205ea28f53b089a00b5f5c85ff2bdb994cd469ece0ffa5b7cd27d153eda1a
01_灯哥小型轮足/02_Seeed官方URDF_STL/meshes/RW__link.STL	372184	stl	0b8b716d0a6aad4ab96235ed4296573b3f454a410755a8293103378678216bd4
01_灯哥小型轮足/02_Seeed官方URDF_STL/meshes/base_link.STL	1260084	stl	42b888c03141e600ec84dbe12943d89f5d39567a4398e4c696eb7d2797f456ec
01_灯哥小型轮足/02_Seeed官方URDF_STL/urdf/20250820_1.csv	5242	csv	7fc472a0e563b244a2a02a1f80f7b12cf6dda8aec148b562dd08f39e860528d9
01_灯哥小型轮足/02_Seeed官方URDF_STL/urdf/20250820_1.urdf	9122	urdf	defdfb869269f9c016dbe57b882f6c21e5a92ae1c5642165074261e6bb15476b
01_灯哥小型轮足/03_来源说明/SF_bipedalWheel.zip	668912	zip	d9ced9490aa2b5344ed694d24096ae4ff1dc283ebd5a3359cee6240101577170
01_灯哥小型轮足/03_来源说明/来源说明.md	1020	md	2ca37ede651a64ce630d82a8502701045a1d2c367b6e8ff541661004e1e19e25
02_华馨京_HA8-U25H-M/01_舵机本体_STEP/Single-shaft-Servo-3D.stp	1149303	stp	1ad1b67e7cbbf0b42d782a987cca55fd55d99a3291ecd73f11ad944f095c7605
02_华馨京_HA8-U25H-M/01_舵机本体_STEP/ha8-hp8-hx8-series-3D.STEP	1503622	step	e64e1dad71068a98889f37a16487dae2bed51e55bce55f6340de3fd1523dd33d
02_华馨京_HA8-U25H-M/02_尺寸图_DWG_PDF/Fashion-Star-HA8-U25H-M.pdf	4998352	pdf	e4d9d1b3f3a599aec971cc4e08d16858e3e44509253d8425d92c132dd7f2c4ac
02_华馨京_HA8-U25H-M/02_尺寸图_DWG_PDF/ha8-hp8-hx8-series-dimension.dwg	328200	dwg	83817066b4ea0791298eb25a7c951eea808834edd46fdddea3d377d2c1cd2178
02_华馨京_HA8-U25H-M/02_尺寸图_DWG_PDF/ha8-hp8-hx8-series-dimension.pdf	56573	pdf	916891d310af831410a02d820268be6ddada811786c664fc32ffe00ee5e45396
02_华馨京_HA8-U25H-M/02_尺寸图_DWG_PDF/单轴舵机外观CAD尺寸图.dwg	50736	dwg	edfcffbc2515b22a859983ad4bada0242e60f3741347e05a7645d0be2bd6843a
02_华馨京_HA8-U25H-M/02_尺寸图_DWG_PDF/单轴舵机外观CAD尺寸图.pdf	41911	pdf	081b2f85a3dac0c340eff0ad92a1f6d00239c4da2a0d449579af27e7942f24a3
02_华馨京_HA8-U25H-M/03_25T舵盘/25T主舵盘外观尺寸图.dwg	73795	dwg	29767cfe19fc82be1a2fc56d285242a55a68fa4ba4b54069fddae69d017098f8
02_华馨京_HA8-U25H-M/03_25T舵盘/25T主舵盘外观尺寸图.pdf	29750	pdf	d8a5f64313108927427f7879a4e2f3898e2729c4d2815fdf874e72b25df54206
02_华馨京_HA8-U25H-M/03_25T舵盘/main-horn-25T-8holes-3D.STEP	368706	step	d67a360cbb39da3bf1075f42c17eff0a9f6fe56106f6f5940d0ff09d1b466ff1
02_华馨京_HA8-U25H-M/03_25T舵盘/main-horn-25T-8holes-dimension.dwg	231949	dwg	62b988bb54e6d9626f52cff8290c823620a68cfeac1e12601def2e0bc83a09d9
02_华馨京_HA8-U25H-M/04_舵机支架/mounting-spacer-3D.STEP	56879	step	c3ce9ab4a9a26a040105d27f46078ad797d77e2ee819d607d50970d2856bc45c
02_华馨京_HA8-U25H-M/04_舵机支架/mounting-spacer-dimension.dwg	216225	dwg	8ac040de0b65b717b2b8d1d49fe0e6c69df99d2906113337b3d198de34bc9c19
02_华馨京_HA8-U25H-M/05_来源说明/FashionStar-HA8-U25H-M.html	760103	html	2232a139214c07aad087afa37c1c0f89d779938eb02e0d6410d4c4210f92d59f
02_华馨京_HA8-U25H-M/05_来源说明/FashionStar-UART-CAD列表.html	178149	html	41b4589712d6c0b6ca089ad6b95efb3a62c4c9630064228bd6d8c1c4ffd98d2e
02_华馨京_HA8-U25H-M/05_来源说明/FashionStar-Wiki-HA8-U25H-M.html	199135	html	edd96d77130ea33b793b0be26ae6bc66b7486c49de6f11db79d8735d91d32cf1
02_华馨京_HA8-U25H-M/05_来源说明/ha8-hp8-hx8-series-3D.STEP.zip	380723	zip	6af3503e3a38abf94b6faf1d54fe2cf7e2c94e4f02e2721865969d905354bb15
02_华馨京_HA8-U25H-M/05_来源说明/ha8-hp8-hx8-series-dimension.dwg.zip	311142	zip	d7241ac3711705885d72c416a99e826e91b44d6a4a4687075ff8c6bdaac82176
02_华馨京_HA8-U25H-M/05_来源说明/servo-dimension_README.md	1120	md	d16e6ed5ee0f4355f51d146ccb6d679bcf4393cf73d46c4f6de3c572a6dbf8ec
02_华馨京_HA8-U25H-M/05_来源说明/来源说明.md	2027	md	6494a6c951fcd5a5b4ef1fcc3217eaf5908b03e9fcbc53bd3dc48d97fcece08d
03_适配模型/01_参数化源文件/build_all.py	876	py	fa3390c666d4a2d6f57a91077f5332f60b1eafda1f49bb28fe7432a47f9751f7
03_适配模型/01_参数化源文件/requirements.txt	76	txt	946b83e0e04d2f1879ab840369a8345215e192332e233f015d88f25db2d13f9d
03_适配模型/01_参数化源文件/wheelbot_adapter/__init__.py	68	py	3493b62d49c5742274733e3fbf8e236cc539b77bf6982ff14d539000d28df55a
03_适配模型/01_参数化源文件/wheelbot_adapter/__pycache__/__init__.cpython-312.pyc	314	pyc	4b5e9013c0383b31dfaa61f918593d4446e7d45e2164193dc6a290af063cb994
03_适配模型/01_参数化源文件/wheelbot_adapter/__pycache__/assembly_check.cpython-312.pyc	7276	pyc	dd43767eea70ca30399339a5c64e773afc7ea97b17bd5b9aa3263caa0b994c76
03_适配模型/01_参数化源文件/wheelbot_adapter/__pycache__/export_models.cpython-312.pyc	8272	pyc	249335b149d91e5558f7ad07dadc39ed53b40b42b23212f555aeee4c2765789d
03_适配模型/01_参数化源文件/wheelbot_adapter/__pycache__/ha8_adapters.cpython-312.pyc	43652	pyc	b4eb0daf951b57b3b21c2ca6766f4c99b0ebba2dbf4cd28a02c4b814b4ec5448
03_适配模型/01_参数化源文件/wheelbot_adapter/__pycache__/input_audit.cpython-312.pyc	12312	pyc	34e1145c6631d3101b1344c584928ccd24240eadb4403cf2e569c620b4d90e35
03_适配模型/01_参数化源文件/wheelbot_adapter/__pycache__/parameters.cpython-312.pyc	23845	pyc	6dc718c21991133b93b1efac9080ca323f708c901ad483f1d9af7c866b6f383c
03_适配模型/01_参数化源文件/wheelbot_adapter/__pycache__/qd4310_adapters.cpython-312.pyc	16727	pyc	c60d13f22e1e007170b2b685ffd5b192e9a69d06aedcdeba585cd7a0996898bc
03_适配模型/01_参数化源文件/wheelbot_adapter/__pycache__/reference_frames.cpython-312.pyc	10057	pyc	92a5700ee4b41354313eca559a558d715cc503e261d5f0f27ab8aad3f609c9d4
03_适配模型/01_参数化源文件/wheelbot_adapter/__pycache__/reference_solids.cpython-312.pyc	18030	pyc	d2fdd3634cd733389f6c4274a5fcec2fb258e8a376707357c65c59f148859967
03_适配模型/01_参数化源文件/wheelbot_adapter/__pycache__/validate_exports.cpython-312.pyc	7464	pyc	14ee127982ccd1482647e1f5e841aa258ac35ee300e88e86ca5882b863b337de
03_适配模型/01_参数化源文件/wheelbot_adapter/assembly_check.py	5018	py	65e76f7aafdf2957a205f15b824360a159e3e81201dd4a5a6bbdc98ad529ac5e
03_适配模型/01_参数化源文件/wheelbot_adapter/export_models.py	5580	py	5fe6abf10f0efac5cb750d4b62ff6d2b8e389c5e7a86cfa7d6a78cc70ce3d4a0
03_适配模型/01_参数化源文件/wheelbot_adapter/ha8_adapters.py	28062	py	c215aba8d4158345087110ecd66cac1f078bf23aaa4c7a7499b78085985052d2
03_适配模型/01_参数化源文件/wheelbot_adapter/input_audit.py	7461	py	a04c03d528d4d290b0c4e8e267dccc7c534583ca30c07ffbce4c87844bd952e3
03_适配模型/01_参数化源文件/wheelbot_adapter/parameters.py	19678	py	90724fc5cfeffff3a7d9aee14142b2b51cfa896529d6c3fd47111a88ca86d0ca
03_适配模型/01_参数化源文件/wheelbot_adapter/qd4310_adapters.py	12205	py	96bea2efe9bd64e2d1aed9ab527cde50d7e0f6893cf2af36b5a730594fc70836
03_适配模型/01_参数化源文件/wheelbot_adapter/reference_frames.py	7215	py	ed42d504f361309d2930f89afb862a521772ba503834b7715928dc0b1901d687
03_适配模型/01_参数化源文件/wheelbot_adapter/reference_solids.py	14319	py	ab02dd7184a7b9e8c621f787dc1ebc9d17a9e39e755366430c96fac9968ef4d6
03_适配模型/01_参数化源文件/wheelbot_adapter/validate_exports.py	4969	py	c6c0843d2df9462b280cca19b21b89d4aa9b5c10a41785fb44021dd93e30b107
03_适配模型/02_STEP装配与零件/HA8_关节适配分总成_v1.step	8356596	step	c07bd1bc1cfdaab6912584a063b55deb18f89cb023bdeb6d28ae653231a4660b
03_适配模型/02_STEP装配与零件/HA8_外固定1_v1.step	74698	step	d16c5549353e485e3227b9564b62a987763e6285d6a866b8312577911c408530
03_适配模型/02_STEP装配与零件/HA8_外固定2_v1.step	73367	step	57e6f3f11cc6096877d7143cba3d5f5c7412d3659764d4e60d3bb22649116fcc
03_适配模型/02_STEP装配与零件/HA8_外固定3_v1.step	74698	step	29bf0d4fa610130a388e4adec1d3bc44f8a948ed42d9a9438e02b55508b67bf4
03_适配模型/02_STEP装配与零件/HA8_外固定4_v1.step	73367	step	5a7472c7c61ea97fbf3c295ef4cd167b680c7c0d694aca5db566e49d673f1d16
03_适配模型/02_STEP装配与零件/HA8_盖板1_v1.step	46558	step	c895a0a0b7a806579119814c4701cb4a43171334550183e83d23d0b04031cb3b
03_适配模型/02_STEP装配与零件/HA8_盖板2_v1.step	45579	step	72a83861959aeaf6ffdc88174ac5371ebd4d3e5595d41e4b2c7c281984b7354b
03_适配模型/02_STEP装配与零件/HA8_盖板3_v1.step	46558	step	23cde46d47cbedbbe0dda2d74f4556781634f866c2de1ab442e9efd8dce87c7c
03_适配模型/02_STEP装配与零件/HA8_盖板4_v1.step	45579	step	87a4b3898b5bf53f606ec02a565567aae6fdbdb5b5d29e13cc3cc12dcd23f587
03_适配模型/02_STEP装配与零件/HA8_舵机接口1_v1.step	1719712	step	cba4213c89c58cbb59b5100527e18412cad304073c8eb08c9bbe08f1b35b5047
03_适配模型/02_STEP装配与零件/HA8_舵机接口2_v1.step	1649638	step	2480f33d510f1c3c4c0c3269d84bb49ade8c0452bb5c68a3dc55f3ae9c3ff1e9
03_适配模型/02_STEP装配与零件/HA8_舵机接口3_v1.step	1719714	step	c04459f0a2d3b0f7e72d7b27aa8351bcebc2cfea12e4ef31c2ce25ea284e5b77
03_适配模型/02_STEP装配与零件/HA8_舵机接口4_v1.step	1649638	step	7548ab380c3b1607e35f77d59b4efdf2f01fc8ca79ef015b7bb058ec210f7423
03_适配模型/02_STEP装配与零件/HA8_被动支撑1_v1.step	201197	step	b48674c22d635410fc97645bafb31148d93139803940686c33f7c5c572922c10
03_适配模型/02_STEP装配与零件/HA8_被动支撑2_v1.step	194353	step	dd2a617b70bb5e16436006e38700d66347a49b409d567b3a6cd9d715f7766cb1
03_适配模型/02_STEP装配与零件/HA8_被动支撑3_v1.step	201197	step	c83418816e04a2fe07ae510a07b7eb2e5858e6ff4f04e4b7decd43330725e8ef
03_适配模型/02_STEP装配与零件/HA8_被动支撑4_v1.step	194353	step	6d2c40485672ecbc3fe02d6426a22c8f746d0497d7bf7e9f238422ec955a142e
03_适配模型/02_STEP装配与零件/HA8_隔套1_v1.step	14486	step	5287f6a790e3a6cb0b097b27582e24897232254713b622f35f6a7fc0a031fc3d
03_适配模型/02_STEP装配与零件/HA8_隔套2_v1.step	15585	step	53e049e94f7cec82138826c21657f339daddbe275fb7672111c4384bd9893014
03_适配模型/02_STEP装配与零件/HA8_隔套3_v1.step	14486	step	0575f9f6d5644b8dcc5ed3ea5da46f11e3593389c068846653bfee5ebd5250ca
03_适配模型/02_STEP装配与零件/HA8_隔套4_v1.step	15585	step	7b4c326645ff790134a6ef675fc091495c0649a34c537f477fa8c03878a89ee3
03_适配模型/02_STEP装配与零件/QD4310_电机固定X1_v1.step	85434	step	75c3ec2bb5f64d5473bfc54677fbc71268596442592bf13eac8449b1331e6e85
03_适配模型/02_STEP装配与零件/QD4310_电机固定X2_v1.step	85434	step	0f42a1ef0b7d988f757cf789b67c334ff95e4f8fff0523d64103bb3b800fc4f1
03_适配模型/02_STEP装配与零件/QD4310_轮固定X1_v1.step	9765	step	5388dcd77891e8aebb16551587413c8e1ac2db5961aed92a20364d1149e78edd
03_适配模型/02_STEP装配与零件/QD4310_轮固定X2_v1.step	9765	step	e509229593fd35831aa904b5eb7196af542d12011da8a24b6386849adbd05b38
03_适配模型/02_STEP装配与零件/QD4310_轮毂X1_v1.step	48911	step	bd87ef8026a868f9e91f20ec26ad9394d2f1f41f0dd6ce26de79330b58e1d645
03_适配模型/02_STEP装配与零件/QD4310_轮毂X2_v1.step	48911	step	e258671423378bae78016d44f1228c07b1680891bcee827bfec8c3256711917c
03_适配模型/02_STEP装配与零件/QD4310_轮端适配分总成_v1.step	297820	step	3ab7171f2edad9229b887539f10e844ad672aaaba0abaf7ce412e2b012af7091
03_适配模型/02_STEP装配与零件/轮足机器人_HA8_QD4310_全适配总装_v1.step	8680050	step	3c2ffb2244f996a879f39cea7a2ccecf949c84ec3a1860f9c8813847f30309e7
03_适配模型/03_STL打印件/HA8_外固定1_v1.stl	179284	stl	97b9d213adbe630d5a83ef42fd3c59fb8753e15ff5413219dac9e993764a6e40
03_适配模型/03_STL打印件/HA8_外固定2_v1.stl	179284	stl	b1082f7be7a647e5277939e481c35cac43270d9c1bbb71d4ef85f2fc16d41e45
03_适配模型/03_STL打印件/HA8_外固定3_v1.stl	179284	stl	97b9d213adbe630d5a83ef42fd3c59fb8753e15ff5413219dac9e993764a6e40
03_适配模型/03_STL打印件/HA8_外固定4_v1.stl	179284	stl	b1082f7be7a647e5277939e481c35cac43270d9c1bbb71d4ef85f2fc16d41e45
03_适配模型/03_STL打印件/HA8_盖板1_v1.stl	27084	stl	5ff6c8ee93c93a8166155d317fe2565eb2e4e4996b86c7a4a9ee23275ffe5bed
03_适配模型/03_STL打印件/HA8_盖板2_v1.stl	27084	stl	8a1360bd6327bf4c9bafc55b74bf57a1613d807587d47d9573e20dbc59ea86b5
03_适配模型/03_STL打印件/HA8_盖板3_v1.stl	27084	stl	5ff6c8ee93c93a8166155d317fe2565eb2e4e4996b86c7a4a9ee23275ffe5bed
03_适配模型/03_STL打印件/HA8_盖板4_v1.stl	27084	stl	8a1360bd6327bf4c9bafc55b74bf57a1613d807587d47d9573e20dbc59ea86b5
03_适配模型/03_STL打印件/HA8_舵机接口1_v1.stl	1307884	stl	490e654c57cd232c54245f01f5931c9099b069cf176c322c4323804dd1cac15f
03_适配模型/03_STL打印件/HA8_舵机接口2_v1.stl	1307884	stl	2ab3b0baf7ff977f697eaa5c5e74351288e7f560b8d94655b3787e2fca72e3f8
03_适配模型/03_STL打印件/HA8_舵机接口3_v1.stl	1307884	stl	490e654c57cd232c54245f01f5931c9099b069cf176c322c4323804dd1cac15f
03_适配模型/03_STL打印件/HA8_舵机接口4_v1.stl	1307884	stl	2ab3b0baf7ff977f697eaa5c5e74351288e7f560b8d94655b3787e2fca72e3f8
03_适配模型/03_STL打印件/HA8_被动支撑1_v1.stl	730084	stl	402792c291fd23f8e631db16cac5be873250a627f442891f22ef6f9c720043fb
03_适配模型/03_STL打印件/HA8_被动支撑2_v1.stl	730084	stl	c246c41bdef172debfea588b9c948a554f8fdc5949efc219b40609d14e2754a7
03_适配模型/03_STL打印件/HA8_被动支撑3_v1.stl	730084	stl	402792c291fd23f8e631db16cac5be873250a627f442891f22ef6f9c720043fb
03_适配模型/03_STL打印件/HA8_被动支撑4_v1.stl	730084	stl	c246c41bdef172debfea588b9c948a554f8fdc5949efc219b40609d14e2754a7
03_适配模型/03_STL打印件/HA8_隔套1_v1.stl	75684	stl	79fa87da5c693825f4569f50e169a309c289c5c178e808d4c3c394b77005dbe3
03_适配模型/03_STL打印件/HA8_隔套2_v1.stl	75684	stl	30f43f0e341678dad3ff545f3ff2500ebdf15d950ceaec7f975ae54222858b53
03_适配模型/03_STL打印件/HA8_隔套3_v1.stl	75684	stl	79fa87da5c693825f4569f50e169a309c289c5c178e808d4c3c394b77005dbe3
03_适配模型/03_STL打印件/HA8_隔套4_v1.stl	75684	stl	30f43f0e341678dad3ff545f3ff2500ebdf15d950ceaec7f975ae54222858b53
03_适配模型/03_STL打印件/QD4310_电机固定X1_v1.stl	149084	stl	7dea441393f03c72dc9b887ce5deadb5d46e2884ab90dff7a92a567a794ed73d
03_适配模型/03_STL打印件/QD4310_电机固定X2_v1.stl	149084	stl	7dea441393f03c72dc9b887ce5deadb5d46e2884ab90dff7a92a567a794ed73d
03_适配模型/03_STL打印件/QD4310_轮固定X1_v1.stl	50484	stl	fedccb324c4bafafde84e57a5abc6ff7d446e945d10188585c701ccb79871a41
03_适配模型/03_STL打印件/QD4310_轮固定X2_v1.stl	50484	stl	fedccb324c4bafafde84e57a5abc6ff7d446e945d10188585c701ccb79871a41
03_适配模型/03_STL打印件/QD4310_轮毂X1_v1.stl	278884	stl	893f7b313059f8ff54a589b9ddbaab56ad33bfd382064e85f5661b7a5fd106a9
03_适配模型/03_STL打印件/QD4310_轮毂X2_v1.stl	278884	stl	893f7b313059f8ff54a589b9ddbaab56ad33bfd382064e85f5661b7a5fd106a9
03_适配模型/04_装配检查/SHA256SUMS.txt	7648	txt	59c7508700b00d594308c0ea4be42c60fe9979d017fc67a333f0601ae8f57267
03_适配模型/04_装配检查/collision_report.json	771	json	1698013884d1978b15107e2afae4c13c440e721c3bbb7adb059f973a4303d8a4
03_适配模型/04_装配检查/export_report.json	12629	json	98a64407aa9c1c2d44672fdec69c735057a8dc74776f8354522b0b7822de8f5d
03_适配模型/04_装配检查/export_validation.json	16634	json	357e196c92e58a63f70dd4991b9f39316aaecff042a2a98c2498374fc2ae3777
03_适配模型/04_装配检查/geometry_report.json	22992	json	10027570499a70294a43f975a85bc08a73cfdbf5e90c090b02f4a1b56270b5dc
03_适配模型/04_装配检查/input_manifest.json	31076	json	87dcec4b6228bc68416c84d964cfd2526f3108d58e9959786b0860c9bede82ee
03_适配模型/05_设计说明/BOM.csv	2390	csv	79595bba22486b379c986426339306a3930044b64e46a9fcbe4cfd120fe0eef4
03_适配模型/05_设计说明/README_适配模型.md	3261	md	21a1b493ba481804785bc3cff305182f288b7f6eabba8c9cb62e7e94ce5b0828
03_适配模型/05_设计说明/实物待复测项.md	1803	md	1adddda76e3bc4c29f5b2578db058bd15ec5c2b23006282be252cf406147fc24
README_机械资料说明.md	4732	md	882c8951f83946fab6b71343faf83f934bd784ba05353865e75bf53ba6e1bf9d
